id,index,name,variant,filename,audio_path,mood_group,color,bpm,key,energy,duration,family,tags
001_Blissful_A,001,Blissful,A,001_Blissful.m4a,/assets/media/audio/001_Blissful.m4a,,,,,,,,
002_Blissful_B,002,Blissful,B,002_Blissful.m4a,/assets/media/audio/002_Blissful.m4a,,,,,,,,
003_Liberated_A,003,Liberated,A,003_Liberated.m4a,/assets/media/audio/003_Liberated.m4a,,,,,,,,
004_Liberated_B,004,Liberated,B,004_Liberated.m4a,/assets/media/audio/004_Liberated.m4a,,,,,,,,
005_Ecstatic_A,005,Ecstatic,A,005_Ecstatic.m4a,/assets/media/audio/005_Ecstatic.m4a,,,,,,,,
006_Ecstatic_B,006,Ecstatic,B,006_Ecstatic.m4a,/assets/media/audio/006_Ecstatic.m4a,,,,,,,,
007_Triumphant_A,007,Triumphant,A,007_Triumphant.m4a,/assets/media/audio/007_Triumphant.m4a,,,,,,,,
008_Triumphant_B,008,Triumphant,B,008_Triumphant.m4a,/assets/media/audio/008_Triumphant.m4a,,,,,,,,
009_Jubilant_A,009,Jubilant,A,009_Jubilant.m4a,/assets/media/audio/009_Jubilant.m4a,,,,,,,,
010_Jubilant_B,010,Jubilant,B,010_Jubilant.m4a,/assets/media/audio/010_Jubilant.m4a,,,,,,,,
011_Effervescent_A,011,Effervescent,A,011_Effervescent.m4a,/assets/media/audio/011_Effervescent.m4a,,,,,,,,
012_Effervescent_B,012,Effervescent,B,012_Effervescent.m4a,/assets/media/audio/012_Effervescent.m4a,,,,,,,,
013_Radiant_A,013,Radiant,A,013_Radiant.m4a,/assets/media/audio/013_Radiant.m4a,,,,,,,,
014_Radiant_B,014,Radiant,B,014_Radiant.m4a,/assets/media/audio/014_Radiant.m4a,,,,,,,,
015_Exuberant_A,015,Exuberant,A,015_Exuberant.m4a,/assets/media/audio/015_Exuberant.m4a,,,,,,,,
016_Exuberant_B,016,Exuberant,B,016_Exuberant.m4a,/assets/media/audio/016_Exuberant.m4a,,,,,,,,
017_Joyful_A,017,Joyful,A,017_Joyful.m4a,/assets/media/audio/017_Joyful.m4a,,,,,,,,
018_Joyful_B,018,Joyful,B,018_Joyful.m4a,/assets/media/audio/018_Joyful.m4a,,,,,,,,
019_Heartfelt_A,019,Heartfelt,A,019_Heartfelt.m4a,/assets/media/audio/019_Heartfelt.m4a,,,,,,,,
020_Heartfelt_B,020,Heartfelt,B,020_Heartfelt.m4a,/assets/media/audio/020_Heartfelt.m4a,,,,,,,,
021_Uplifting_A,021,Uplifting,A,021_Uplifting.m4a,/assets/media/audio/021_Uplifting.m4a,,,,,,,,
022_Uplifting_B,022,Uplifting,B,022_Uplifting.m4a,/assets/media/audio/022_Uplifting.m4a,,,,,,,,
023_Buoyant_A,023,Buoyant,A,023_Buoyant.m4a,/assets/media/audio/023_Buoyant.m4a,,,,,,,,
024_Buoyant_B,024,Buoyant,B,024_Buoyant.m4a,/assets/media/audio/024_Buoyant.m4a,,,,,,,,
025_Affectionate_A,025,Affectionate,A,025_Affectionate.m4a,/assets/media/audio/025_Affectionate.m4a,,,,,,,,
026_Affectionate_B,026,Affectionate,B,026_Affectionate.m4a,/assets/media/audio/026_Affectionate.m4a,,,,,,,,
027_Intimate_A,027,Intimate,A,027_Intimate.m4a,/assets/media/audio/027_Intimate.m4a,,,,,,,,
028_Intimate_B,028,Intimate,B,028_Intimate.m4a,/assets/media/audio/028_Intimate.m4a,,,,,,,,
029_Warm_A,029,Warm,A,029_Warm.m4a,/assets/media/audio/029_Warm.m4a,,,,,,,,
030_Warm_B,030,Warm,B,030_Warm.m4a,/assets/media/audio/030_Warm.m4a,,,,,,,,
031_Cheerful_A,031,Cheerful,A,031_Cheerful.m4a,/assets/media/audio/031_Cheerful.m4a,,,,,,,,
032_Cheerful_B,032,Cheerful,B,032_Cheerful.m4a,/assets/media/audio/032_Cheerful.m4a,,,,,,,,
033_Sincere_A,033,Sincere,A,033_Sincere.m4a,/assets/media/audio/033_Sincere.m4a,,,,,,,,
034_Sincere_B,034,Sincere,B,034_Sincere.m4a,/assets/media/audio/034_Sincere.m4a,,,,,,,,
035_Grateful_A,035,Grateful,A,035_Grateful.m4a,/assets/media/audio/035_Grateful.m4a,,,,,,,,
036_Grateful_B,036,Grateful,B,036_Grateful.m4a,/assets/media/audio/036_Grateful.m4a,,,,,,,,
037_Playful_A,037,Playful,A,037_Playful.m4a,/assets/media/audio/037_Playful.m4a,,,,,,,,
038_Playful_B,038,Playful,B,038_Playful.m4a,/assets/media/audio/038_Playful.m4a,,,,,,,,
039_Gracious_A,039,Gracious,A,039_Gracious.m4a,/assets/media/audio/039_Gracious.m4a,,,,,,,,
040_Gracious_B,040,Gracious,B,040_Gracious.m4a,/assets/media/audio/040_Gracious.m4a,,,,,,,,
041_Comforting_A,041,Comforting,A,041_Comforting.m4a,/assets/media/audio/041_Comforting.m4a,,,,,,,,
042_Comforting_B,042,Comforting,B,042_Comforting.m4a,/assets/media/audio/042_Comforting.m4a,,,,,,,,
043_Hopeful_A,043,Hopeful,A,043_Hopeful.m4a,/assets/media/audio/043_Hopeful.m4a,,,,,,,,
044_Hopeful_B,044,Hopeful,B,044_Hopeful.m4a,/assets/media/audio/044_Hopeful.m4a,,,,,,,,
045_Complacent_A,045,Complacent,A,045_Complacent.m4a,/assets/media/audio/045_Complacent.m4a,,,,,,,,
046_Complacent_B,046,Complacent,B,046_Complacent.m4a,/assets/media/audio/046_Complacent.m4a,,,,,,,,
047_Mellow_A,047,Mellow,A,047_Mellow.m4a,/assets/media/audio/047_Mellow.m4a,,,,,,,,
048_Mellow_B,048,Mellow,B,048_Mellow.m4a,/assets/media/audio/048_Mellow.m4a,,,,,,,,
049_At Ease_A,049,At Ease,A,049_At Ease.m4a,/assets/media/audio/049_At Ease.m4a,,,,,,,,
050_At Ease_B,050,At Ease,B,050_At Ease.m4a,/assets/media/audio/050_At Ease.m4a,,,,,,,,
051_Serene_A,051,Serene,A,051_Serene.m4a,/assets/media/audio/051_Serene.m4a,,,,,,,,
052_Serene_B,052,Serene,B,052_Serene.m4a,/assets/media/audio/052_Serene.m4a,,,,,,,,
053_Centered_A,053,Centered,A,053_Centered.m4a,/assets/media/audio/053_Centered.m4a,,,,,,,,
054_Centered_B,054,Centered,B,054_Centered.m4a,/assets/media/audio/054_Centered.m4a,,,,,,,,
055_Anchored_A,055,Anchored,A,055_Anchored.m4a,/assets/media/audio/055_Anchored.m4a,,,,,,,,
056_Anchored_B,056,Anchored,B,056_Anchored.m4a,/assets/media/audio/056_Anchored.m4a,,,,,,,,
057_Unflappable_A,057,Unflappable,A,057_Unflappable.m4a,/assets/media/audio/057_Unflappable.m4a,,,,,,,,
058_Unflappable_B,058,Unflappable,B,058_Unflappable.m4a,/assets/media/audio/058_Unflappable.m4a,,,,,,,,
059_Precise_A,059,Precise,A,059_Precise.m4a,/assets/media/audio/059_Precise.m4a,,,,,,,,
060_Precise_B,060,Precise,B,060_Precise.m4a,/assets/media/audio/060_Precise.m4a,,,,,,,,
061_Assured_A,061,Assured,A,061_Assured.m4a,/assets/media/audio/061_Assured.m4a,,,,,,,,
062_Assured_B,062,Assured,B,062_Assured.m4a,/assets/media/audio/062_Assured.m4a,,,,,,,,
063_Harmonious_A,063,Harmonious,A,063_Harmonious.m4a,/assets/media/audio/063_Harmonious.m4a,,,,,,,,
064_Harmonious_B,064,Harmonious,B,064_Harmonious.m4a,/assets/media/audio/064_Harmonious.m4a,,,,,,,,
065_Sheltered_A,065,Sheltered,A,065_Sheltered.m4a,/assets/media/audio/065_Sheltered.m4a,,,,,,,,
066_Sheltered_B,066,Sheltered,B,066_Sheltered.m4a,/assets/media/audio/066_Sheltered.m4a,,,,,,,,
067_Trusting_A,067,Trusting,A,067_Trusting.m4a,/assets/media/audio/067_Trusting.m4a,,,,,,,,
068_Trusting_B,068,Trusting,B,068_Trusting.m4a,/assets/media/audio/068_Trusting.m4a,,,,,,,,
069_Connected_A,069,Connected,A,069_Connected.m4a,/assets/media/audio/069_Connected.m4a,,,,,,,,
070_Connected_B,070,Connected,B,070_Connected.m4a,/assets/media/audio/070_Connected.m4a,,,,,,,,
071_Balanced_A,071,Balanced,A,071_Balanced.m4a,/assets/media/audio/071_Balanced.m4a,,,,,,,,
072_Balanced_B,072,Balanced,B,072_Balanced.m4a,/assets/media/audio/072_Balanced.m4a,,,,,,,,
073_Serene_A,073,Serene,A,073_Serene.m4a,/assets/media/audio/073_Serene.m4a,,,,,,,,
074_Serene_B,074,Serene,B,074_Serene.m4a,/assets/media/audio/074_Serene.m4a,,,,,,,,
075_Soothing_A,075,Soothing,A,075_Soothing.m4a,/assets/media/audio/075_Soothing.m4a,,,,,,,,
076_Soothing_B,076,Soothing,B,076_Soothing.m4a,/assets/media/audio/076_Soothing.m4a,,,,,,,,
077_Peaceful_A,077,Peaceful,A,077_Peaceful.m4a,/assets/media/audio/077_Peaceful.m4a,,,,,,,,
078_Peaceful_B,078,Peaceful,B,078_Peaceful.m4a,/assets/media/audio/078_Peaceful.m4a,,,,,,,,
079_Reassured_A,079,Reassured,A,079_Reassured.m4a,/assets/media/audio/079_Reassured.m4a,,,,,,,,
080_Reassured_B,080,Reassured,B,080_Reassured.m4a,/assets/media/audio/080_Reassured.m4a,,,,,,,,
081_Cozy_A,081,Cozy,A,081_Cozy.m4a,/assets/media/audio/081_Cozy.m4a,,,,,,,,
082_Cozy_B,082,Cozy,B,082_Cozy.m4a,/assets/media/audio/082_Cozy.m4a,,,,,,,,
083_Nurturing_A,083,Nurturing,A,083_Nurturing.m4a,/assets/media/audio/083_Nurturing.m4a,,,,,,,,
084_Nurturing_B,084,Nurturing,B,084_Nurturing.m4a,/assets/media/audio/084_Nurturing.m4a,,,,,,,,
085_Calm_A,085,Calm,A,085_Calm.m4a,/assets/media/audio/085_Calm.m4a,,,,,,,,
086_Calm_B,086,Calm,B,086_Calm.m4a,/assets/media/audio/086_Calm.m4a,,,,,,,,
087_Satiated_A,087,Satiated,A,087_Satiated.m4a,/assets/media/audio/087_Satiated.m4a,,,,,,,,
088_Satiated_B,088,Satiated,B,088_Satiated.m4a,/assets/media/audio/088_Satiated.m4a,,,,,,,,
089_Gentle_A,089,Gentle,A,089_Gentle.m4a,/assets/media/audio/089_Gentle.m4a,,,,,,,,
090_Gentle_B,090,Gentle,B,090_Gentle.m4a,/assets/media/audio/090_Gentle.m4a,,,,,,,,
091_Untroubled_A,091,Untroubled,A,091_Untroubled.m4a,/assets/media/audio/091_Untroubled.m4a,,,,,,,,
092_Untroubled_B,092,Untroubled,B,092_Untroubled.m4a,/assets/media/audio/092_Untroubled.m4a,,,,,,,,
093_Content_A,093,Content,A,093_Content.m4a,/assets/media/audio/093_Content.m4a,,,,,,,,
094_Content_B,094,Content,B,094_Content.m4a,/assets/media/audio/094_Content.m4a,,,,,,,,
095_Comfortable_A,095,Comfortable,A,095_Comfortable.m4a,/assets/media/audio/095_Comfortable.m4a,,,,,,,,
096_Comfortable_B,096,Comfortable,B,096_Comfortable.m4a,/assets/media/audio/096_Comfortable.m4a,,,,,,,,
097_Paranoid_A,097,Paranoid,A,097_Paranoid.m4a,/assets/media/audio/097_Paranoid.m4a,,,,,,,,
098_Paranoid_B,098,Paranoid,B,098_Paranoid.m4a,/assets/media/audio/098_Paranoid.m4a,,,,,,,,
099_Alienated_A,099,Alienated,A,099_Alienated.m4a,/assets/media/audio/099_Alienated.m4a,,,,,,,,
100_Alienated_B,100,Alienated,B,100_Alienated.m4a,/assets/media/audio/100_Alienated.m4a,,,,,,,,
101_Disoriented_A,101,Disoriented,A,101_Disoriented.m4a,/assets/media/audio/101_Disoriented.m4a,,,,,,,,
102_Disoriented_B,102,Disoriented,B,102_Disoriented.m4a,/assets/media/audio/102_Disoriented.m4a,,,,,,,,
103_Fearful_A,103,Fearful,A,103_Fearful.m4a,/assets/media/audio/103_Fearful.m4a,,,,,,,,
104_Fearful_B,104,Fearful,B,104_Fearful.m4a,/assets/media/audio/104_Fearful.m4a,,,,,,,,
105_Hypnotic_A,105,Hypnotic,A,105_Hypnotic.m4a,/assets/media/audio/105_Hypnotic.m4a,,,,,,,,
106_Hypnotic_B,106,Hypnotic,B,106_Hypnotic.m4a,/assets/media/audio/106_Hypnotic.m4a,,,,,,,,
107_Haunting_A,107,Haunting,A,107_Haunting.m4a,/assets/media/audio/107_Haunting.m4a,,,,,,,,
108_Haunting_B,108,Haunting,B,108_Haunting.m4a,/assets/media/audio/108_Haunting.m4a,,,,,,,,
109_Uncanny_A,109,Uncanny,A,109_Uncanny.m4a,/assets/media/audio/109_Uncanny.m4a,,,,,,,,
110_Uncanny_B,110,Uncanny,B,110_Uncanny.m4a,/assets/media/audio/110_Uncanny.m4a,,,,,,,,
111_Eerie_A,111,Eerie,A,111_Eerie.m4a,/assets/media/audio/111_Eerie.m4a,,,,,,,,
112_Eerie_B,112,Eerie,B,112_Eerie.m4a,/assets/media/audio/112_Eerie.m4a,,,,,,,,
113_Shadowed_A,113,Shadowed,A,113_Shadowed.m4a,/assets/media/audio/113_Shadowed.m4a,,,,,,,,
114_Shadowed_B,114,Shadowed,B,114_Shadowed.m4a,/assets/media/audio/114_Shadowed.m4a,,,,,,,,
115_Dark_A,115,Dark,A,115_Dark.m4a,/assets/media/audio/115_Dark.m4a,,,,,,,,
116_Dark_B,116,Dark,B,116_Dark.m4a,/assets/media/audio/116_Dark.m4a,,,,,,,,
117_Ominous_A,117,Ominous,A,117_Ominous.m4a,/assets/media/audio/117_Ominous.m4a,,,,,,,,
118_Ominous_B,118,Ominous,B,118_Ominous.m4a,/assets/media/audio/118_Ominous.m4a,,,,,,,,
119_Foreboding_A,119,Foreboding,A,119_Foreboding.m4a,/assets/media/audio/119_Foreboding.m4a,,,,,,,,
120_Foreboding_B,120,Foreboding,B,120_Foreboding.m4a,/assets/media/audio/120_Foreboding.m4a,,,,,,,,
121_Suspenseful_A,121,Suspenseful,A,121_Suspenseful.m4a,/assets/media/audio/121_Suspenseful.m4a,,,,,,,,
122_Suspenseful_B,122,Suspenseful,B,122_Suspenseful.m4a,/assets/media/audio/122_Suspenseful.m4a,,,,,,,,
123_Creeping_A,123,Creeping,A,123_Creeping.m4a,/assets/media/audio/123_Creeping.m4a,,,,,,,,
124_Creeping_B,124,Creeping,B,124_Creeping.m4a,/assets/media/audio/124_Creeping.m4a,,,,,,,,
125_Anxious_A,125,Anxious,A,125_Anxious.m4a,/assets/media/audio/125_Anxious.m4a,,,,,,,,
126_Anxious_B,126,Anxious,B,126_Anxious.m4a,/assets/media/audio/126_Anxious.m4a,,,,,,,,
127_Apprehensive_A,127,Apprehensive,A,127_Apprehensive.m4a,/assets/media/audio/127_Apprehensive.m4a,,,,,,,,
128_Apprehensive_B,128,Apprehensive,B,128_Apprehensive.m4a,/assets/media/audio/128_Apprehensive.m4a,,,,,,,,
129_Elusive_A,129,Elusive,A,129_Elusive.m4a,/assets/media/audio/129_Elusive.m4a,,,,,,,,
130_Elusive_B,130,Elusive,B,130_Elusive.m4a,/assets/media/audio/130_Elusive.m4a,,,,,,,,
131_Nervous_A,131,Nervous,A,131_Nervous.m4a,/assets/media/audio/131_Nervous.m4a,,,,,,,,
132_Nervous_B,132,Nervous,B,132_Nervous.m4a,/assets/media/audio/132_Nervous.m4a,,,,,,,,
133_Ephemeral_A,133,Ephemeral,A,133_Ephemeral.m4a,/assets/media/audio/133_Ephemeral.m4a,,,,,,,,
134_Ephemeral_B,134,Ephemeral,B,134_Ephemeral.m4a,/assets/media/audio/134_Ephemeral.m4a,,,,,,,,
135_Uncertain_A,135,Uncertain,A,135_Uncertain.m4a,/assets/media/audio/135_Uncertain.m4a,,,,,,,,
136_Uncertain_B,136,Uncertain,B,136_Uncertain.m4a,/assets/media/audio/136_Uncertain.m4a,,,,,,,,
137_Disquieted_A,137,Disquieted,A,137_Disquieted.m4a,/assets/media/audio/137_Disquieted.m4a,,,,,,,,
138_Disquieted_B,138,Disquieted,B,138_Disquieted.m4a,/assets/media/audio/138_Disquieted.m4a,,,,,,,,
139_Uneasy_A,139,Uneasy,A,139_Uneasy.m4a,/assets/media/audio/139_Uneasy.m4a,,,,,,,,
140_Uneasy_B,140,Uneasy,B,140_Uneasy.m4a,/assets/media/audio/140_Uneasy.m4a,,,,,,,,
141_Unsettled_A,141,Unsettled,A,141_Unsettled.m4a,/assets/media/audio/141_Unsettled.m4a,,,,,,,,
142_Unsettled_B,142,Unsettled,B,142_Unsettled.m4a,/assets/media/audio/142_Unsettled.m4a,,,,,,,,
143_Unfolding_A,143,Unfolding,A,143_Unfolding.m4a,/assets/media/audio/143_Unfolding.m4a,,,,,,,,
144_Anguish_B,144,Anguish,B,144_Anguish.m4a,/assets/media/audio/144_Anguish.m4a,,,,,,,,
145_Anguish_A,145,Anguish,A,145_Anguish.m4a,/assets/media/audio/145_Anguish.m4a,,,,,,,,
146_Somber_B,146,Somber,B,146_Somber.m4a,/assets/media/audio/146_Somber.m4a,,,,,,,,
147_Somber_A,147,Somber,A,147_Somber.m4a,/assets/media/audio/147_Somber.m4a,,,,,,,,
148_Brooding_B,148,Brooding,B,148_Brooding.m4a,/assets/media/audio/148_Brooding.m4a,,,,,,,,
149_Brooding_A,149,Brooding,A,149_Brooding.m4a,/assets/media/audio/149_Brooding.m4a,,,,,,,,
150_Despondent_B,150,Despondent,B,150_Despondent.m4a,/assets/media/audio/150_Despondent.m4a,,,,,,,,
151_Despondent_A,151,Despondent,A,151_Despondent.m4a,/assets/media/audio/151_Despondent.m4a,,,,,,,,
152_Hollow_B,152,Hollow,B,152_Hollow.m4a,/assets/media/audio/152_Hollow.m4a,,,,,,,,
153_Hollow_A,153,Hollow,A,153_Hollow.m4a,/assets/media/audio/153_Hollow.m4a,,,,,,,,
154_Serein_B,154,Serein,B,154_Serein.m4a,/assets/media/audio/154_Serein.m4a,,,,,,,,
155_Serein_A,155,Serein,A,155_Serein.m4a,/assets/media/audio/155_Serein.m4a,,,,,,,,
156_Vulnerable_B,156,Vulnerable,B,156_Vulnerable.m4a,/assets/media/audio/156_Vulnerable.m4a,,,,,,,,
157_Vulnerable_A,157,Vulnerable,A,157_Vulnerable.m4a,/assets/media/audio/157_Vulnerable.m4a,,,,,,,,
158_Resigned_B,158,Resigned,B,158_Resigned.m4a,/assets/media/audio/158_Resigned.m4a,,,,,,,,
159_Resigned_A,159,Resigned,A,159_Resigned.m4a,/assets/media/audio/159_Resigned.m4a,,,,,,,,
160_Poignant_B,160,Poignant,B,160_Poignant.m4a,/assets/media/audio/160_Poignant.m4a,,,,,,,,
161_Poignant_A,161,Poignant,A,161_Poignant.m4a,/assets/media/audio/161_Poignant.m4a,,,,,,,,
162_Remorseful_B,162,Remorseful,B,162_Remorseful.m4a,/assets/media/audio/162_Remorseful.m4a,,,,,,,,
163_Remorseful_A,163,Remorseful,A,163_Remorseful.m4a,/assets/media/audio/163_Remorseful.m4a,,,,,,,,
164_Yearning_B,164,Yearning,B,164_Yearning.m4a,/assets/media/audio/164_Yearning.m4a,,,,,,,,
165_Yearning_A,165,Yearning,A,165_Yearning.m4a,/assets/media/audio/165_Yearning.m4a,,,,,,,,
166_Submerged_B,166,Submerged,B,166_Submerged.m4a,/assets/media/audio/166_Submerged.m4a,,,,,,,,
167_Submerged_A,167,Submerged,A,167_Submerged.m4a,/assets/media/audio/167_Submerged.m4a,,,,,,,,
168_Wistful_B,168,Wistful,B,168_Wistful.m4a,/assets/media/audio/168_Wistful.m4a,,,,,,,,
169_Wistful_A,169,Wistful,A,169_Wistful.m4a,/assets/media/audio/169_Wistful.m4a,,,,,,,,
170_Bittersweet_B,170,Bittersweet,B,170_Bittersweet.m4a,/assets/media/audio/170_Bittersweet.m4a,,,,,,,,
171_Bittersweet_A,171,Bittersweet,A,171_Bittersweet.m4a,/assets/media/audio/171_Bittersweet.m4a,,,,,,,,
172_Introspective_B,172,Introspective,B,172_Introspective.m4a,/assets/media/audio/172_Introspective.m4a,,,,,,,,
173_Introspective_A,173,Introspective,A,173_Introspective.m4a,/assets/media/audio/173_Introspective.m4a,,,,,,,,
174_Languid_B,174,Languid,B,174_Languid.m4a,/assets/media/audio/174_Languid.m4a,,,,,,,,
175_Languid_A,175,Languid,A,175_Languid.m4a,/assets/media/audio/175_Languid.m4a,,,,,,,,
176_Subdued_B,176,Subdued,B,176_Subdued.m4a,/assets/media/audio/176_Subdued.m4a,,,,,,,,
177_Subdued_A,177,Subdued,A,177_Subdued.m4a,/assets/media/audio/177_Subdued.m4a,,,,,,,,
178_Hazy_B,178,Hazy,B,178_Hazy.m4a,/assets/media/audio/178_Hazy.m4a,,,,,,,,
179_Hazy_A,179,Hazy,A,179_Hazy.m4a,/assets/media/audio/179_Hazy.m4a,,,,,,,,
180_Reflective_B,180,Reflective,B,180_Reflective.m4a,/assets/media/audio/180_Reflective.m4a,,,,,,,,
181_Reflective_A,181,Reflective,A,181_Reflective.m4a,/assets/media/audio/181_Reflective.m4a,,,,,,,,
182_Melancholy_B,182,Melancholy,B,182_Melancholy.m4a,/assets/media/audio/182_Melancholy.m4a,,,,,,,,
183_Melancholy_A,183,Melancholy,A,183_Melancholy.m4a,/assets/media/audio/183_Melancholy.m4a,,,,,,,,
184_Lonely_B,184,Lonely,B,184_Lonely.m4a,/assets/media/audio/184_Lonely.m4a,,,,,,,,
185_Lonely_A,185,Lonely,A,185_Lonely.m4a,/assets/media/audio/185_Lonely.m4a,,,,,,,,
186_Sad_B,186,Sad,B,186_Sad.m4a,/assets/media/audio/186_Sad.m4a,,,,,,,,
187_Sad_A,187,Sad,A,187_Sad.m4a,/assets/media/audio/187_Sad.m4a,,,,,,,,
188_Cosmic_B,188,Cosmic,B,188_Cosmic.m4a,/assets/media/audio/188_Cosmic.m4a,,,,,,,,
189_Cosmic_A,189,Cosmic,A,189_Cosmic.m4a,/assets/media/audio/189_Cosmic.m4a,,,,,,,,
190_Transcendent_B,190,Transcendent,B,190_Transcendent.m4a,/assets/media/audio/190_Transcendent.m4a,,,,,,,,
191_Transcendent_A,191,Transcendent,A,191_Transcendent.m4a,/assets/media/audio/191_Transcendent.m4a,,,,,,,,
192_Surreal_B,192,Surreal,B,192_Surreal.m4a,/assets/media/audio/192_Surreal.m4a,,,,,,,,
193_Surreal_A,193,Surreal,A,193_Surreal.m4a,/assets/media/audio/193_Surreal.m4a,,,,,,,,
194_Hallucinatory_B,194,Hallucinatory,B,194_Hallucinatory.m4a,/assets/media/audio/194_Hallucinatory.m4a,,,,,,,,
195_Hallucinatory_A,195,Hallucinatory,A,195_Hallucinatory.m4a,/assets/media/audio/195_Hallucinatory.m4a,,,,,,,,
196_Disorienting_B,196,Disorienting,B,196_Disorienting.m4a,/assets/media/audio/196_Disorienting.m4a,,,,,,,,
197_Disorienting_A,197,Disorienting,A,197_Disorienting.m4a,/assets/media/audio/197_Disorienting.m4a,,,,,,,,
198_Fantastical_B,198,Fantastical,B,198_Fantastical.m4a,/assets/media/audio/198_Fantastical.m4a,,,,,,,,
199_Fantastical_A,199,Fantastical,A,199_Fantastical.m4a,/assets/media/audio/199_Fantastical.m4a,,,,,,,,
200_Wonder_B,200,Wonder,B,200_Wonder.m4a,/assets/media/audio/200_Wonder.m4a,,,,,,,,
201_Wonder_A,201,Wonder,A,201_Wonder.m4a,/assets/media/audio/201_Wonder.m4a,,,,,,,,
202_Dreamlike_B,202,Dreamlike,B,202_Dreamlike.m4a,/assets/media/audio/202_Dreamlike.m4a,,,,,,,,
203_Dreamlike_A,203,Dreamlike,A,203_Dreamlike.m4a,/assets/media/audio/203_Dreamlike.m4a,,,,,,,,
204_Mythic_B,204,Mythic,B,204_Mythic.m4a,/assets/media/audio/204_Mythic.m4a,,,,,,,,
205_Mythic_A,205,Mythic,A,205_Mythic.m4a,/assets/media/audio/205_Mythic.m4a,,,,,,,,
206_Incongruous_B,206,Incongruous,B,206_Incongruous.m4a,/assets/media/audio/206_Incongruous.m4a,,,,,,,,
207_Incongruous_A,207,Incongruous,A,207_Incongruous.m4a,/assets/media/audio/207_Incongruous.m4a,,,,,,,,
208_Luminescent_B,208,Luminescent,B,208_Luminescent.m4a,/assets/media/audio/208_Luminescent.m4a,,,,,,,,
209_Luminescent_A,209,Luminescent,A,209_Luminescent.m4a,/assets/media/audio/209_Luminescent.m4a,,,,,,,,
210_Ethereal_B,210,Ethereal,B,210_Ethereal.m4a,/assets/media/audio/210_Ethereal.m4a,,,,,,,,
211_Ethereal_A,211,Ethereal,A,211_Ethereal.m4a,/assets/media/audio/211_Ethereal.m4a,,,,,,,,
212_Magical_B,212,Magical,B,212_Magical.m4a,/assets/media/audio/212_Magical.m4a,,,,,,,,
213_Magical_A,213,Magical,A,213_Magical.m4a,/assets/media/audio/213_Magical.m4a,,,,,,,,
214_Romantic_B,214,Romantic,B,214_Romantic.m4a,/assets/media/audio/214_Romantic.m4a,,,,,,,,
215_Romantic_A,215,Romantic,A,215_Romantic.m4a,/assets/media/audio/215_Romantic.m4a,,,,,,,,
216_Nostalgic_B,216,Nostalgic,B,216_Nostalgic.m4a,/assets/media/audio/216_Nostalgic.m4a,,,,,,,,
217_Nostalgic_A,217,Nostalgic,A,217_Nostalgic.m4a,/assets/media/audio/217_Nostalgic.m4a,,,,,,,,
218_Beautiful_B,218,Beautiful,B,218_Beautiful.m4a,/assets/media/audio/218_Beautiful.m4a,,,,,,,,
219_Beautiful_A,219,Beautiful,A,219_Beautiful.m4a,/assets/media/audio/219_Beautiful.m4a,,,,,,,,
220_Cinematic_B,220,Cinematic,B,220_Cinematic.m4a,/assets/media/audio/220_Cinematic.m4a,,,,,,,,
221_Cinematic_A,221,Cinematic,A,221_Cinematic.m4a,/assets/media/audio/221_Cinematic.m4a,,,,,,,,
222_Novel_B,222,Novel,B,222_Novel.m4a,/assets/media/audio/222_Novel.m4a,,,,,,,,
223_Novel_A,223,Novel,A,223_Novel.m4a,/assets/media/audio/223_Novel.m4a,,,,,,,,
224_Whimsical_B,224,Whimsical,B,224_Whimsical.m4a,/assets/media/audio/224_Whimsical.m4a,,,,,,,,
225_Whimsical_A,225,Whimsical,A,225_Whimsical.m4a,/assets/media/audio/225_Whimsical.m4a,,,,,,,,
226_Weightless_B,226,Weightless,B,226_Weightless.m4a,/assets/media/audio/226_Weightless.m4a,,,,,,,,
227_Weightless_A,227,Weightless,A,227_Weightless.m4a,/assets/media/audio/227_Weightless.m4a,,,,,,,,
228_Liminal_B,228,Liminal,B,228_Liminal.m4a,/assets/media/audio/228_Liminal.m4a,,,,,,,,
229_Liminal_A,229,Liminal,A,229_Liminal.m4a,/assets/media/audio/229_Liminal.m4a,,,,,,,,
230_Dreamy_B,230,Dreamy,B,230_Dreamy.m4a,/assets/media/audio/230_Dreamy.m4a,,,,,,,,
231_Dreamy_A,231,Dreamy,A,231_Dreamy.m4a,/assets/media/audio/231_Dreamy.m4a,,,,,,,,
232_Unfolding_B,232,Unfolding,B,232_Unfolding.m4a,/assets/media/audio/232_Unfolding.m4a,,,,,,,,
233_Awakening_A,233,Awakening,A,233_Awakening.m4a,/assets/media/audio/233_Awakening.m4a,,,,,,,,
234_Awakening_B,234,Awakening,B,234_Awakening.m4a,/assets/media/audio/234_Awakening.m4a,,,,,,,,
235_Imminent_A,235,Imminent,A,235_Imminent.m4a,/assets/media/audio/235_Imminent.m4a,,,,,,,,
236_Imminent_B,236,Imminent,B,236_Imminent.m4a,/assets/media/audio/236_Imminent.m4a,,,,,,,,
237_Enigmatic_A,237,Enigmatic,A,237_Enigmatic.m4a,/assets/media/audio/237_Enigmatic.m4a,,,,,,,,
238_Enigmatic_B,238,Enigmatic,B,238_Enigmatic.m4a,/assets/media/audio/238_Enigmatic.m4a,,,,,,,,
239_Transcendental_A,239,Transcendental,A,239_Transcendental.m4a,/assets/media/audio/239_Transcendental.m4a,,,,,,,,
240_Transcendental_B,240,Transcendental,B,240_Transcendental.m4a,/assets/media/audio/240_Transcendental.m4a,,,,,,,,
241_Futuristic_A,241,Futuristic,A,241_Futuristic.m4a,/assets/media/audio/241_Futuristic.m4a,,,,,,,,
242_Futuristic_B,242,Futuristic,B,242_Futuristic.m4a,/assets/media/audio/242_Futuristic.m4a,,,,,,,,
243_Proleptic_A,243,Proleptic,A,243_Proleptic.m4a,/assets/media/audio/243_Proleptic.m4a,,,,,,,,
244_Proleptic_B,244,Proleptic,B,244_Proleptic.m4a,/assets/media/audio/244_Proleptic.m4a,,,,,,,,
245_Esoteric_A,245,Esoteric,A,245_Esoteric.m4a,/assets/media/audio/245_Esoteric.m4a,,,,,,,,
246_Esoteric_B,246,Esoteric,B,246_Esoteric.m4a,/assets/media/audio/246_Esoteric.m4a,,,,,,,,
247_Powerful_A,247,Powerful,A,247_Powerful.m4a,/assets/media/audio/247_Powerful.m4a,,,,,,,,
248_Powerful_B,248,Powerful,B,248_Powerful.m4a,/assets/media/audio/248_Powerful.m4a,,,,,,,,
249_Visionary_A,249,Visionary,A,249_Visionary.m4a,/assets/media/audio/249_Visionary.m4a,,,,,,,,
250_Visionary_B,250,Visionary,B,250_Visionary.m4a,/assets/media/audio/250_Visionary.m4a,,,,,,,,
251_Innovative_A,251,Innovative,A,251_Innovative.m4a,/assets/media/audio/251_Innovative.m4a,,,,,,,,
252_Innovative_B,252,Innovative,B,252_Innovative.m4a,/assets/media/audio/252_Innovative.m4a,,,,,,,,
253_Lush_A,253,Lush,A,253_Lush.m4a,/assets/media/audio/253_Lush.m4a,,,,,,,,
254_Lush_B,254,Lush,B,254_Lush.m4a,/assets/media/audio/254_Lush.m4a,,,,,,,,
255_Dreamlike_A,255,Dreamlike,A,255_Dreamlike.m4a,/assets/media/audio/255_Dreamlike.m4a,,,,,,,,
256_Dreamlike_B,256,Dreamlike,B,256_Dreamlike.m4a,/assets/media/audio/256_Dreamlike.m4a,,,,,,,,
257_Longing_A,257,Longing,A,257_Longing.m4a,/assets/media/audio/257_Longing.m4a,,,,,,,,
258_Longing_B,258,Longing,B,258_Longing.m4a,/assets/media/audio/258_Longing.m4a,,,,,,,,
259_Mesmerizing_A,259,Mesmerizing,A,259_Mesmerizing.m4a,/assets/media/audio/259_Mesmerizing.m4a,,,,,,,,
260_Mesmerizing_B,260,Mesmerizing,B,260_Mesmerizing.m4a,/assets/media/audio/260_Mesmerizing.m4a,,,,,,,,
261_Mesmerizing_A,261,Mesmerizing,A,261_Mesmerizing.m4a,/assets/media/audio/261_Mesmerizing.m4a,,,,,,,,
262_Mesmerizing_B,262,Mesmerizing,B,262_Mesmerizing.m4a,/assets/media/audio/262_Mesmerizing.m4a,,,,,,,,
263_Enchanted_A,263,Enchanted,A,263_Enchanted.m4a,/assets/media/audio/263_Enchanted.m4a,,,,,,,,
264_Enchanted_B,264,Enchanted,B,264_Enchanted.m4a,/assets/media/audio/264_Enchanted.m4a,,,,,,,,
265_Speculative_A,265,Speculative,A,265_Speculative.m4a,/assets/media/audio/265_Speculative.m4a,,,,,,,,
266_Speculative_B,266,Speculative,B,266_Speculative.m4a,/assets/media/audio/266_Speculative.m4a,,,,,,,,
267_Imaginative_A,267,Imaginative,A,267_Imaginative.m4a,/assets/media/audio/267_Imaginative.m4a,,,,,,,,
268_Imaginative_B,268,Imaginative,B,268_Imaginative.m4a,/assets/media/audio/268_Imaginative.m4a,,,,,,,,
269_Adventurous_A,269,Adventurous,A,269_Adventurous.m4a,/assets/media/audio/269_Adventurous.m4a,,,,,,,,
270_Adventurous_B,270,Adventurous,B,270_Adventurous.m4a,/assets/media/audio/270_Adventurous.m4a,,,,,,,,
271_Inspired_A,271,Inspired,A,271_Inspired.m4a,/assets/media/audio/271_Inspired.m4a,,,,,,,,
272_Inspired_B,272,Inspired,B,272_Inspired.m4a,/assets/media/audio/272_Inspired.m4a,,,,,,,,
273_Hopeful_A,273,Hopeful,A,273_Hopeful.m4a,/assets/media/audio/273_Hopeful.m4a,,,,,,,,
274_Hopeful_B,274,Hopeful,B,274_Hopeful.m4a,/assets/media/audio/274_Hopeful.m4a,,,,,,,,
275_Prospective_A,275,Prospective,A,275_Prospective.m4a,/assets/media/audio/275_Prospective.m4a,,,,,,,,
276_Prospective_B,276,Prospective,B,276_Prospective.m4a,/assets/media/audio/276_Prospective.m4a,,,,,,,,
277_Unfolding_A,277,Unfolding,A,277_Unfolding.m4a,/assets/media/audio/277_Unfolding.m4a,,,,,,,,
278_Unfolding_B,278,Unfolding,B,278_Unfolding.m4a,/assets/media/audio/278_Unfolding.m4a,,,,,,,,
279_Whimsical_A,279,Whimsical,A,279_Whimsical.m4a,/assets/media/audio/279_Whimsical.m4a,,,,,,,,
280_Whimsical_B,280,Whimsical,B,280_Whimsical.m4a,/assets/media/audio/280_Whimsical.m4a,,,,,,,,
281_Curious_A,281,Curious,A,281_Curious.m4a,/assets/media/audio/281_Curious.m4a,,,,,,,,
282_Curious_B,282,Curious,B,282_Curious.m4a,/assets/media/audio/282_Curious.m4a,,,,,,,,
283_Experimental_A,283,Experimental,A,283_Experimental.m4a,/assets/media/audio/283_Experimental.m4a,,,,,,,,
284_Experimental_B,284,Experimental,B,284_Experimental.m4a,/assets/media/audio/284_Experimental.m4a,,,,,,,,
285_Curious_A,285,Curious,A,285_Curious.m4a,/assets/media/audio/285_Curious.m4a,,,,,,,,
286_Curious_B,286,Curious,B,286_Curious.m4a,/assets/media/audio/286_Curious.m4a,,,,,,,,
287_Timeless_A,287,Timeless,A,287_Timeless.m4a,/assets/media/audio/287_Timeless.m4a,,,,,,,,
288_Timeless_B,288,Timeless,B,288_Timeless.m4a,/assets/media/audio/288_Timeless.m4a,,,,,,,,
289_Arcane_A,289,Arcane,A,289_Arcane.m4a,/assets/media/audio/289_Arcane.m4a,,,,,,,,
290_Arcane_B,290,Arcane,B,290_Arcane.m4a,/assets/media/audio/290_Arcane.m4a,,,,,,,,
291_Deconstructed_A,291,Deconstructed,A,291_Deconstructed.m4a,/assets/media/audio/291_Deconstructed.m4a,,,,,,,,
292_Deconstructed_B,292,Deconstructed,B,292_Deconstructed.m4a,/assets/media/audio/292_Deconstructed.m4a,,,,,,,,
293_Underground_A,293,Underground,A,293_Underground.m4a,/assets/media/audio/293_Underground.m4a,,,,,,,,
294_Underground_B,294,Underground,B,294_Underground.m4a,/assets/media/audio/294_Underground.m4a,,,,,,,,
295_Glitchy_A,295,Glitchy,A,295_Glitchy.m4a,/assets/media/audio/295_Glitchy.m4a,,,,,,,,
296_Glitchy_B,296,Glitchy,B,296_Glitchy.m4a,/assets/media/audio/296_Glitchy.m4a,,,,,,,,
297_Abstract_A,297,Abstract,A,297_Abstract.m4a,/assets/media/audio/297_Abstract.m4a,,,,,,,,
298_Abstract_B,298,Abstract,B,298_Abstract.m4a,/assets/media/audio/298_Abstract.m4a,,,,,,,,
299_Soulful_A,299,Soulful,A,299_Soulful.m4a,/assets/media/audio/299_Soulful.m4a,,,,,,,,
300_Soulful_B,300,Soulful,B,300_Soulful.m4a,/assets/media/audio/300_Soulful.m4a,,,,,,,,
301_Raw_A,301,Raw,A,301_Raw.m4a,/assets/media/audio/301_Raw.m4a,,,,,,,,
302_Raw_B,302,Raw,B,302_Raw.m4a,/assets/media/audio/302_Raw.m4a,,,,,,,,
303_Atmospheric_A,303,Atmospheric,A,303_Atmospheric.m4a,/assets/media/audio/303_Atmospheric.m4a,,,,,,,,
304_Atmospheric_B,304,Atmospheric,B,304_Atmospheric.m4a,/assets/media/audio/304_Atmospheric.m4a,,,,,,,,
305_Clinical_A,305,Clinical,A,305_Clinical.m4a,/assets/media/audio/305_Clinical.m4a,,,,,,,,
306_Clinical_B,306,Clinical,B,306_Clinical.m4a,/assets/media/audio/306_Clinical.m4a,,,,,,,,
307_Grounded_A,307,Grounded,A,307_Grounded.m4a,/assets/media/audio/307_Grounded.m4a,,,,,,,,
308_Grounded_B,308,Grounded,B,308_Grounded.m4a,/assets/media/audio/308_Grounded.m4a,,,,,,,,
309_Textural_A,309,Textural,A,309_Textural.m4a,/assets/media/audio/309_Textural.m4a,,,,,,,,
310_Textural_B,310,Textural,B,310_Textural.m4a,/assets/media/audio/310_Textural.m4a,,,,,,,,
311_Reflective_A,311,Reflective,A,311_Reflective.m4a,/assets/media/audio/311_Reflective.m4a,,,,,,,,
312_Reflective_B,312,Reflective,B,312_Reflective.m4a,/assets/media/audio/312_Reflective.m4a,,,,,,,,
313_Concrete_A,313,Concrete,A,313_Concrete.m4a,/assets/media/audio/313_Concrete.m4a,,,,,,,,
314_Concrete_B,314,Concrete,B,314_Concrete.m4a,/assets/media/audio/314_Concrete.m4a,,,,,,,,
315_Analog_A,315,Analog,A,315_Analog.m4a,/assets/media/audio/315_Analog.m4a,,,,,,,,
316_Analog_B,316,Analog,B,316_Analog.m4a,/assets/media/audio/316_Analog.m4a,,,,,,,,
317_Grounded_A,317,Grounded,A,317_Grounded.m4a,/assets/media/audio/317_Grounded.m4a,,,,,,,,
318_Grounded_B,318,Grounded,B,318_Grounded.m4a,/assets/media/audio/318_Grounded.m4a,,,,,,,,
319_Structured_A,319,Structured,A,319_Structured.m4a,/assets/media/audio/319_Structured.m4a,,,,,,,,
320_Structured_B,320,Structured,B,320_Structured.m4a,/assets/media/audio/320_Structured.m4a,,,,,,,,
321_Minimalist_A,321,Minimalist,A,321_Minimalist.m4a,/assets/media/audio/321_Minimalist.m4a,,,,,,,,
322_Minimalist_B,322,Minimalist,B,322_Minimalist.m4a,/assets/media/audio/322_Minimalist.m4a,,,,,,,,
323_Objective_A,323,Objective,A,323_Objective.m4a,/assets/media/audio/323_Objective.m4a,,,,,,,,
324_Objective_B,324,Objective,B,324_Objective.m4a,/assets/media/audio/324_Objective.m4a,,,,,,,,
325_Detached_A,325,Detached,A,325_Detached.m4a,/assets/media/audio/325_Detached.m4a,,,,,,,,
326_Detached_B,326,Detached,B,326_Detached.m4a,/assets/media/audio/326_Detached.m4a,,,,,,,,
327_Impassive_A,327,Impassive,A,327_Impassive.m4a,/assets/media/audio/327_Impassive.m4a,,,,,,,,
328_Impassive_B,328,Impassive,B,328_Impassive.m4a,/assets/media/audio/328_Impassive.m4a,,,,,,,,
329_Ambivalent_A,329,Ambivalent,A,329_Ambivalent.m4a,/assets/media/audio/329_Ambivalent.m4a,,,,,,,,
330_Ambivalent_B,330,Ambivalent,B,330_Ambivalent.m4a,/assets/media/audio/330_Ambivalent.m4a,,,,,,,,
331_Observational_A,331,Observational,A,331_Observational.m4a,/assets/media/audio/331_Observational.m4a,,,,,,,,
332_Observational_B,332,Observational,B,332_Observational.m4a,/assets/media/audio/332_Observational.m4a,,,,,,,,
333_Imminent_A,333,Imminent,A,333_Imminent.m4a,/assets/media/audio/333_Imminent.m4a,,,,,,,,
334_Imminent_B,334,Imminent,B,334_Imminent.m4a,/assets/media/audio/334_Imminent.m4a,,,,,,,,
335_Neutral_A,335,Neutral,A,335_Neutral.m4a,/assets/media/audio/335_Neutral.m4a,,,,,,,,
336_Neutral_B,336,Neutral,B,336_Neutral.m4a,/assets/media/audio/336_Neutral.m4a,,,,,,,,
337_Frenzied_A,337,Frenzied,A,337_Frenzied.m4a,/assets/media/audio/337_Frenzied.m4a,,,,,,,,
338_Frenzied_B,338,Frenzied,B,338_Frenzied.m4a,/assets/media/audio/338_Frenzied.m4a,,,,,,,,
339_Wrathful_A,339,Wrathful,A,339_Wrathful.m4a,/assets/media/audio/339_Wrathful.m4a,,,,,,,,
340_Wrathful_B,340,Wrathful,B,340_Wrathful.m4a,/assets/media/audio/340_Wrathful.m4a,,,,,,,,
341_Explosive_A,341,Explosive,A,341_Explosive.m4a,/assets/media/audio/341_Explosive.m4a,,,,,,,,
342_Explosive_B,342,Explosive,B,342_Explosive.m4a,/assets/media/audio/342_Explosive.m4a,,,,,,,,
343_Riotous_A,343,Riotous,A,343_Riotous.m4a,/assets/media/audio/343_Riotous.m4a,,,,,,,,
344_Riotous_B,344,Riotous,B,344_Riotous.m4a,/assets/media/audio/344_Riotous.m4a,,,,,,,,
345_Riotous_A,345,Riotous,A,345_Riotous.m4a,/assets/media/audio/345_Riotous.m4a,,,,,,,,
346_Riotous_B,346,Riotous,B,346_Riotous.m4a,/assets/media/audio/346_Riotous.m4a,,,,,,,,
347_Furious_A,347,Furious,A,347_Furious.m4a,/assets/media/audio/347_Furious.m4a,,,,,,,,
348_Furious_B,348,Furious,B,348_Furious.m4a,/assets/media/audio/348_Furious.m4a,,,,,,,,
349_Rebellious_A,349,Rebellious,A,349_Rebellious.m4a,/assets/media/audio/349_Rebellious.m4a,,,,,,,,
350_Rebellious_B,350,Rebellious,B,350_Rebellious.m4a,/assets/media/audio/350_Rebellious.m4a,,,,,,,,
351_Belligerent_A,351,Belligerent,A,351_Belligerent.m4a,/assets/media/audio/351_Belligerent.m4a,,,,,,,,
352_Belligerent_B,352,Belligerent,B,352_Belligerent.m4a,/assets/media/audio/352_Belligerent.m4a,,,,,,,,
353_Combative_A,353,Combative,A,353_Combative.m4a,/assets/media/audio/353_Combative.m4a,,,,,,,,
354_Combative_B,354,Combative,B,354_Combative.m4a,/assets/media/audio/354_Combative.m4a,,,,,,,,
355_Aggressive_A,355,Aggressive,A,355_Aggressive.m4a,/assets/media/audio/355_Aggressive.m4a,,,,,,,,
356_Aggressive_B,356,Aggressive,B,356_Aggressive.m4a,/assets/media/audio/356_Aggressive.m4a,,,,,,,,
357_Angry_A,357,Angry,A,357_Angry.m4a,/assets/media/audio/357_Angry.m4a,,,,,,,,
358_Angry_B,358,Angry,B,358_Angry.m4a,/assets/media/audio/358_Angry.m4a,,,,,,,,
359_Volatile_A,359,Volatile,A,359_Volatile.m4a,/assets/media/audio/359_Volatile.m4a,,,,,,,,
360_Volatile_B,360,Volatile,B,360_Volatile.m4a,/assets/media/audio/360_Volatile.m4a,,,,,,,,
361_Defiant_A,361,Defiant,A,361_Defiant.m4a,/assets/media/audio/361_Defiant.m4a,,,,,,,,
362_Defiant_B,362,Defiant,B,362_Defiant.m4a,/assets/media/audio/362_Defiant.m4a,,,,,,,,
363_Provocative_A,363,Provocative,A,363_Provocative.m4a,/assets/media/audio/363_Provocative.m4a,,,,,,,,
364_Provocative_B,364,Provocative,B,364_Provocative.m4a,/assets/media/audio/364_Provocative.m4a,,,,,,,,
365_Charged_A,365,Charged,A,365_Charged.m4a,/assets/media/audio/365_Charged.m4a,,,,,,,,
366_Charged_B,366,Charged,B,366_Charged.m4a,/assets/media/audio/366_Charged.m4a,,,,,,,,
367_Hard-hitting_A,367,Hard-hitting,A,367_Hard-hitting.m4a,/assets/media/audio/367_Hard-hitting.m4a,,,,,,,,
368_Hard-hitting_B,368,Hard-hitting,B,368_Hard-hitting.m4a,/assets/media/audio/368_Hard-hitting.m4a,,,,,,,,
369_Intense_A,369,Intense,A,369_Intense.m4a,/assets/media/audio/369_Intense.m4a,,,,,,,,
370_Intense_B,370,Intense,B,370_Intense.m4a,/assets/media/audio/370_Intense.m4a,,,,,,,,
371_Powerful_A,371,Powerful,A,371_Powerful.m4a,/assets/media/audio/371_Powerful.m4a,,,,,,,,
372_Powerful_B,372,Powerful,B,372_Powerful.m4a,/assets/media/audio/372_Powerful.m4a,,,,,,,,
373_Energetic_A,373,Energetic,A,373_Energetic.m4a,/assets/media/audio/373_Energetic.m4a,,,,,,,,
374_Energetic_B,374,Energetic,B,374_Energetic.m4a,/assets/media/audio/374_Energetic.m4a,,,,,,,,
375_Anti-Establishment_A,375,Anti-Establishment,A,375_Anti-Establishment.m4a,/assets/media/audio/375_Anti-Establishment.m4a,,,,,,,,
376_Anti-Establishment_B,376,Anti-Establishment,B,376_Anti-Establishment.m4a,/assets/media/audio/376_Anti-Establishment.m4a,,,,,,,,
377_Tense_A,377,Tense,A,377_Tense.m4a,/assets/media/audio/377_Tense.m4a,,,,,,,,
378_Tense_B,378,Tense,B,378_Tense.m4a,/assets/media/audio/378_Tense.m4a,,,,,,,,
379_Restless_A,379,Restless,A,379_Restless.m4a,/assets/media/audio/379_Restless.m4a,,,,,,,,
380_Restless_B,380,Restless,B,380_Restless.m4a,/assets/media/audio/380_Restless.m4a,,,,,,,,
381_Gritty_A,381,Gritty,A,381_Gritty.m4a,/assets/media/audio/381_Gritty.m4a,,,,,,,,
382_Gritty_B,382,Gritty,B,382_Gritty.m4a,/assets/media/audio/382_Gritty.m4a,,,,,,,,
383_Edgy_A,383,Edgy,A,383_Edgy.m4a,/assets/media/audio/383_Edgy.m4a,,,,,,,,
384_Edgy_B,384,Edgy,B,384_Edgy.m4a,/assets/media/audio/384_Edgy.m4a,,,,,,,,
